<?xml version="1.0" encoding="UTF-8"?>
<beans xmlns="http://www.springframework.org/schema/beans"
	xmlns:xsi="http://www.w3.org/2001/XMLSchema-instance"
	xmlns:context="http://www.springframework.org/schema/context"
	xsi:schemaLocation="http://www.springframework.org/schema/beans http://www.springframework.org/schema/beans/spring-beans.xsd
		http://www.springframework.org/schema/context http://www.springframework.org/schema/context/spring-context-4.3.xsd">
<bean id="address" class="com.cg.project.beans.Address">
	<constructor-arg name="city" value="pune"></constructor-arg>
	<constructor-arg name="state" value="Maharastra"></constructor-arg>
	<constructor-arg name="country" value="India"></constructor-arg>
	<constructor-arg name="pincode" value="1234"></constructor-arg>
</bean>
<bean id="employee" class="com.cg.project.beans.Employee">
	<constructor-arg name="employeeId" value="1234"></constructor-arg>
	<constructor-arg name="firstName" value="Sushant"></constructor-arg>
	<constructor-arg name="lastName" value="Dey"></constructor-arg>
	<constructor-arg name="salary" value="17300"></constructor-arg>
	<constructor-arg name="address" ref="address"></constructor-arg>
</bean>

</beans>